"","hosts","tissues","hosts2","tissues2"
"HM179556_Mycoplasma_arginini","vertebrate","no tag","vertebrate","no tag"
"NR_026035_Mycoplasma_auris","vertebrate","auditory_tract","vertebrate","auditory_tract"
"FM165077_Mycoplasma_sp_237IA","vertebrate","respratory_tract","vertebrate","respratory_tract"
"FM165075_Mycoplasma_sp_A1802","vertebrate","respratory_tract","vertebrate","respratory_tract"
"AM420094_uncultured_Mycoplasma_sp","plant","mouth","vertebrate","mouth"
"FJ226581_Mycoplasma_zalophi","vertebrate","mouth","vertebrate","mouth"
"FR799668_uncultured_Mycoplasma_sp","plant","digestive_tract","vertebrate","digestive_tract"
"FR799669_uncultured_Mycoplasma_sp","plant","digestive_tract","vertebrate","digestive_tract"
"FR799666_uncultured_Mycoplasma_sp","plant","digestive_tract","vertebrate","digestive_tract"
"FR799667_uncultured_Mycoplasma_sp","plant","digestive_tract","vertebrate","digestive_tract"
"FR799661_uncultured_Mycoplasma_sp","plant","digestive_tract","vertebrate","digestive_tract"
"FR799664_uncultured_Mycoplasma_sp","plant","digestive_tract","vertebrate","digestive_tract"
"FR799665_uncultured_Mycoplasma_sp","plant","digestive_tract","vertebrate","digestive_tract"
"FR799678_uncultured_Mycoplasma_sp","plant","digestive_tract","vertebrate","digestive_tract"
"FM897203_uncultured_Mycoplasma_sp","plant","digestive_tract","vertebrate","digestive_tract"
"FR799670_uncultured_Mycoplasma_sp","plant","digestive_tract","vertebrate","digestive_tract"
"FR799652_uncultured_Mycoplasma_sp","plant","digestive_tract","vertebrate","digestive_tract"
"FR799653_uncultured_Mycoplasma_sp","plant","digestive_tract","vertebrate","digestive_tract"
"FR799651_uncultured_Mycoplasma_sp","plant","digestive_tract","vertebrate","digestive_tract"
"FR799631_uncultured_Mycoplasma_sp","plant","digestive_tract","vertebrate","digestive_tract"
"FR799644_uncultured_Mycoplasma_sp","plant","digestive_tract","vertebrate","digestive_tract"
"FR799641_uncultured_Mycoplasma_sp","plant","digestive_tract","vertebrate","no tag"
"FR799647_uncultured_Mycoplasma_sp","plant","digestive_tract","vertebrate","digestive_tract"
"FR799674_uncultured_Mycoplasma_sp","plant","digestive_tract","vertebrate","digestive_tract"
"FR799634_uncultured_Mycoplasma_sp","plant","digestive_tract","vertebrate","digestive_tract"
"FR799629_uncultured_Mycoplasma_sp","plant","digestive_tract","vertebrate","digestive_tract"
"FR799628_uncultured_Mycoplasma_sp","plant","digestive_tract","vertebrate","digestive_tract"
"FR799633_uncultured_Mycoplasma_sp","plant","digestive_tract","vertebrate","digestive_tract"
"FM897202_uncultured_Mycoplasma_sp","plant","digestive_tract","vertebrate","digestive_tract"
"FR799643_uncultured_Mycoplasma_sp","plant","digestive_tract","vertebrate","no tag"
"FR799624_uncultured_Mycoplasma_sp","plant","digestive_tract","vertebrate","digestive_tract"
"FR799658_uncultured_Mycoplasma_sp","plant","digestive_tract","vertebrate","digestive_tract"
"FR799638_uncultured_Mycoplasma_sp","plant","digestive_tract","vertebrate","no tag"
"FR799630_uncultured_Mycoplasma_sp","plant","digestive_tract","vertebrate","digestive_tract"
"FR799646_uncultured_Mycoplasma_sp","plant","digestive_tract","vertebrate","digestive_tract"
"FR799637_uncultured_Mycoplasma_sp","plant","digestive_tract","vertebrate","no tag"
"FR799649_uncultured_Mycoplasma_sp","plant","digestive_tract","vertebrate","digestive_tract"
"FR799645_uncultured_Mycoplasma_sp","plant","digestive_tract","vertebrate","digestive_tract"
"FR799626_uncultured_Mycoplasma_sp","plant","digestive_tract","vertebrate","digestive_tract"
"FR799627_uncultured_Mycoplasma_sp","plant","digestive_tract","vertebrate","digestive_tract"
"FM897201_uncultured_Mycoplasma_sp","plant","digestive_tract","vertebrate","digestive_tract"
"FR799625_uncultured_Mycoplasma_sp","plant","digestive_tract","vertebrate","digestive_tract"
"FR799650_uncultured_Mycoplasma_sp","plant","digestive_tract","vertebrate","digestive_tract"
"FR799672_uncultured_Mycoplasma_sp","plant","digestive_tract","vertebrate","digestive_tract"
"HE648941_uncultured_Mycoplasma_sp","plant","cytoplasm","plant","cytoplasm"
"MF977375_Mycoplasma_hyopneumoniae","vertebrate","respratory_tract","no tag","respratory_tract"
"MF977369_Mycoplasma_hyopneumoniae","vertebrate","respratory_tract","no tag","respratory_tract"
"EU859982_Mycoplasma_phocirhinis","vertebrate","respratory_tract","vertebrate","respratory_tract"
"AM774638_Mycoplasma_mucosicanis","vertebrate","genital_tract","vertebrate","genital_tract"
"HF548852_Mycoplasma_sp_AR_2012","vertebrate","genital_tract","vertebrate","genital_tract"
"AM073013_Mycoplasma_gallinarum","vertebrate","respratory_tract","vertebrate","respratory_tract"
"FR869692_Mycoplasma_sp_30L","vertebrate","respratory_tract","vertebrate","respratory_tract"
"NR_026034_Mycoplasma_adleri","vertebrate","ankle","vertebrate","ankle"
"FM196534_Mycoplasma_preputii_ATCC_BAA_1891","vertebrate","genital_tract","vertebrate","genital_tract"
"EU859985_Mycoplasma_sp_CSL7489_oral","vertebrate","mouth","vertebrate","mouth"
"EU859984_Mycoplasma_sp_CSL7529_conjunctiva","vertebrate","no tag","vertebrate","no tag"
"EU714238_Mycoplasma_sp_CSL7503_lung","vertebrate","respratory_tract","vertebrate","respratory_tract"
"FM165074_Mycoplasma_sp_C3","vertebrate","mouth","vertebrate","mouth"
"FM196532_Mycoplasma_aquilae_ATCC_BAA_1896","vertebrate","kidney","vertebrate","kidney"
"FM165076_Mycoplasma_sp_2F1A","vertebrate","respratory_tract","vertebrate","respratory_tract"
"AM073015_Mycoplasma_synoviae","vertebrate","respratory_tract","vertebrate","respratory_tract"
"MG846121_Mycoplasma_synoviae","vertebrate","respratory_tract","vertebrate","respratory_tract"
"NR_115220_Mycoplasma_testudineum","vertebrate","respratory_tract","vertebrate","respratory_tract"
"AY366210_Mycoplasma_testudineum","vertebrate","respratory_tract","vertebrate","respratory_tract"
"FR839042_uncultured_Mollicutes_bacterium","plant","digestive_tract","invertebrate","digestive_tract"
"FR839104_uncultured_Mollicutes_bacterium","plant","digestive_tract","invertebrate","digestive_tract"
"HE974900_uncultured_Mollicutes_bacterium","plant","no tag","no tag","no tag"
"AM905478_Candidatus_Lumbricincola_sp_Lt_EX_E10","vertebrate","auditory_tract","invertebrate","no tag"
"AM905480_Candidatus_Lumbricincola_sp_Lt_EX_G9","vertebrate","auditory_tract","invertebrate","no tag"
"AM905482_Candidatus_Lumbricincola_sp_Lt_GC_G5","vertebrate","auditory_tract","invertebrate","digestive_tract"
"AM905476_Candidatus_Lumbricincola_sp_Ef_GC_D1","vertebrate","auditory_tract","invertebrate","digestive_tract"
"AM905479_Candidatus_Lumbricincola_sp_Lt_EX_E12","vertebrate","auditory_tract","invertebrate","no tag"
"AM905475_Candidatus_Lumbricincola_sp_Ef_GC_C6","vertebrate","auditory_tract","invertebrate","digestive_tract"
"AM905474_Candidatus_Lumbricincola_sp_Ef_GC_A6","vertebrate","auditory_tract","invertebrate","digestive_tract"
"AM905473_Candidatus_Lumbricincola_sp_Ef_GC_A3","vertebrate","auditory_tract","invertebrate","digestive_tract"
"AM905481_Candidatus_Lumbricincola_sp_Lt_GC_E6","vertebrate","auditory_tract","invertebrate","digestive_tract"
"AM905477_Candidatus_Lumbricincola_sp_Ef_GC_H1","vertebrate","auditory_tract","invertebrate","digestive_tract"
"FR839041_uncultured_Mollicutes_bacterium","plant","digestive_tract","invertebrate","digestive_tract"
"LT855370_uncultured_Mollicutes_bacterium","plant","digestive_tract","invertebrate","digestive_tract"
"LT855371_uncultured_Mollicutes_bacterium","plant","digestive_tract","invertebrate","digestive_tract"
"FR839078_uncultured_Mollicutes_bacterium","plant","digestive_tract","invertebrate","digestive_tract"
"FR839046_uncultured_Mollicutes_bacterium","plant","digestive_tract","invertebrate","digestive_tract"
"FR839137_uncultured_Mollicutes_bacterium","plant","digestive_tract","invertebrate","digestive_tract"
"FR839102_uncultured_Mollicutes_bacterium","plant","digestive_tract","invertebrate","digestive_tract"
"FR839072_uncultured_Mollicutes_bacterium","plant","digestive_tract","invertebrate","digestive_tract"
"FR839074_uncultured_Mollicutes_bacterium","plant","digestive_tract","invertebrate","digestive_tract"
"FR839071_uncultured_Mollicutes_bacterium","plant","digestive_tract","invertebrate","digestive_tract"
"FR839070_uncultured_Mollicutes_bacterium","plant","digestive_tract","invertebrate","digestive_tract"
"FR839141_uncultured_Mollicutes_bacterium","plant","digestive_tract","invertebrate","digestive_tract"
"FR839073_uncultured_Mollicutes_bacterium","plant","digestive_tract","invertebrate","digestive_tract"
"FR839075_uncultured_Mollicutes_bacterium","plant","digestive_tract","invertebrate","digestive_tract"
"FR839077_uncultured_Mollicutes_bacterium","plant","digestive_tract","invertebrate","digestive_tract"
"LT855372_uncultured_Mollicutes_bacterium","plant","digestive_tract","invertebrate","no tag"
"LT855374_uncultured_Mollicutes_bacterium","plant","digestive_tract","invertebrate","no tag"
"FR839094_uncultured_Mollicutes_bacterium","plant","digestive_tract","invertebrate","digestive_tract"
"FR839103_uncultured_Mollicutes_bacterium","plant","digestive_tract","invertebrate","digestive_tract"
"FR839100_uncultured_Mollicutes_bacterium","plant","digestive_tract","invertebrate","digestive_tract"
"LT855375_uncultured_Mollicutes_bacterium","plant","digestive_tract","invertebrate","digestive_tract"
"LT855373_uncultured_Mollicutes_bacterium","plant","digestive_tract","invertebrate","digestive_tract"
"FR839095_uncultured_Mollicutes_bacterium","plant","digestive_tract","invertebrate","digestive_tract"
"NR_026037_Mycoplasma_yeatsii","vertebrate","auditory_tract","vertebrate","auditory_tract"
"NR_026036_Mycoplasma_cottewii","vertebrate","auditory_tract","vertebrate","auditory_tract"
"KF115412_uncultured_Entomoplasma_sp","plant","digestive_tract","plant","digestive_tract"
"KF114982_uncultured_Entomoplasma_sp","plant","digestive_tract","plant","digestive_tract"
"KF115523_uncultured_Entomoplasma_sp","plant","digestive_tract","plant","digestive_tract"
"KF116083_uncultured_Entomoplasma_sp","plant","auditory_tract","plant","digestive_tract"
"KF115078_uncultured_Entomoplasma_sp","plant","digestive_tract","plant","digestive_tract"
"KF115306_uncultured_Entomoplasma_sp","plant","digestive_tract","plant","digestive_tract"
"AB234516_uncultured_Mollicutes_bacterium","plant","digestive_tract","invertebrate","digestive_tract"
"AB234515_uncultured_Mollicutes_bacterium","plant","digestive_tract","invertebrate","digestive_tract"
"AB255921_uncultured_Mollicutes_bacterium","plant","digestive_tract","invertebrate","digestive_tract"
"LN879437_Candidatus_Phytoplasma_aurantifolia","plant","plant_tissue","plant","plant_tissue"
"LN811708_Candidatus_Phytoplasma_aurantifolia","plant","plant_tissue","plant","plant_tissue"
"LN811707_Candidatus_Phytoplasma_aurantifolia","plant","plant_tissue","plant","plant_tissue"
"LN811709_Candidatus_Phytoplasma_aurantifolia","plant","plant_tissue","plant","plant_tissue"
"LN879439_Candidatus_Phytoplasma_aurantifolia","plant","plant_tissue","plant","plant_tissue"
"LN878981_Candidatus_Phytoplasma_aurantifolia","plant","plant_tissue","plant","plant_tissue"
"LN879438_Candidatus_Phytoplasma_aurantifolia","plant","plant_tissue","plant","plant_tissue"
"LT558769_Candidatus_Phytoplasma_aurantifolia","plant","plant_tissue","plant","plant_tissue"
"HG792252_Candidatus_Phytoplasma_aurantifolia","plant","plant_tissue","plant","plant_tissue"
"LT558789_Candidatus_Phytoplasma_aurantifolia","plant","plant_tissue","plant","plant_tissue"
"LN878982_Candidatus_Phytoplasma_aurantifolia","plant","plant_tissue","plant","plant_tissue"
"LN879441_Candidatus_Phytoplasma_aurantifolia","plant","plant_tissue","plant","plant_tissue"
"LN879440_Candidatus_Phytoplasma_aurantifolia","plant","plant_tissue","plant","plant_tissue"
"LN866574_Candidatus_Phytoplasma_aurantifolia","plant","plant_tissue","plant","plant_tissue"
"LN866573_Candidatus_Phytoplasma_aurantifolia","plant","plant_tissue","plant","plant_tissue"
"LN866571_Candidatus_Phytoplasma_aurantifolia","plant","plant_tissue","plant","plant_tissue"
"LN866579_Candidatus_Phytoplasma_aurantifolia","plant","plant_tissue","plant","plant_tissue"
"LN866567_Candidatus_Phytoplasma_aurantifolia","plant","plant_tissue","plant","plant_tissue"
"LN866572_Candidatus_Phytoplasma_aurantifolia","plant","plant_tissue","plant","plant_tissue"
"LN866580_Candidatus_Phytoplasma_aurantifolia","plant","plant_tissue","plant","plant_tissue"
"LN866568_Candidatus_Phytoplasma_aurantifolia","plant","plant_tissue","plant","plant_tissue"
"LN866569_Candidatus_Phytoplasma_aurantifolia","plant","plant_tissue","plant","plant_tissue"
"LN866576_Candidatus_Phytoplasma_aurantifolia","plant","plant_tissue","plant","plant_tissue"
"LN866566_Candidatus_Phytoplasma_aurantifolia","plant","plant_tissue","plant","plant_tissue"
"LN866570_Candidatus_Phytoplasma_aurantifolia","plant","plant_tissue","plant","plant_tissue"
"LN866578_Candidatus_Phytoplasma_aurantifolia","plant","plant_tissue","plant","plant_tissue"
"LN866577_Candidatus_Phytoplasma_aurantifolia","plant","plant_tissue","plant","plant_tissue"
"LT558784_Candidatus_Phytoplasma_aurantifolia","plant","plant_tissue","plant","plant_tissue"
"KF773150_Cymbopogon_citratus_white_leaf_phytoplasma","plant","plant_tissue","plant","plant_tissue"
"LN879442_Phytoplasma_sp_PR07","plant","plant_tissue","plant","plant_tissue"
"LT558766_Candidatus_Phytoplasma_aurantifolia","plant","plant_tissue","plant","plant_tissue"
"LN879443_Phytoplasma_sp_PR08","plant","plant_tissue","plant","plant_tissue"
"KF773149_Tylophora_indica_little_leaf_yellowing_phytoplasma","vertebrate","plant_tissue","no tag","plant_tissue"
"LT558768_Candidatus_Phytoplasma_aurantifolia","plant","plant_tissue","plant","plant_tissue"
"LT558783_Candidatus_Phytoplasma_aurantifolia","plant","plant_tissue","plant","plant_tissue"
"AY169323_Alfalfa_witches_broom_phytoplasma","vertebrate","plant_tissue","invertebrate","plant_tissue"
"FN257482_Eggplant_phyllody_phytoplasma","plant","plant_tissue","plant","plant_tissue"
"KF773151_Prunus_persica_leaf_phytoplasma","plant","plant_tissue","plant","plant_tissue"
"AY169322_Alfalfa_witches_broom_phytoplasma","vertebrate","plant_tissue","invertebrate","plant_tissue"
"LT558767_Candidatus_Phytoplasma_aurantifolia","plant","plant_tissue","plant","plant_tissue"
"LT558787_Candidatus_Phytoplasma_aurantifolia","plant","plant_tissue","plant","plant_tissue"
"KF801674_Candidatus_Phytoplasma_pini","plant","plant_tissue","plant","plant_tissue"
"LN874221_Candidatus_Phytoplasma_omanense","vertebrate","plant_tissue","invertebrate","plant_tissue"
"LN874220_Candidatus_Phytoplasma_omanense","plant","plant_tissue","plant","plant_tissue"
"LT558776_Candidatus_Phytoplasma_cynodontis","plant","plant_tissue","plant","plant_tissue"
"LT558777_Candidatus_Phytoplasma_cynodontis","plant","plant_tissue","plant","plant_tissue"
"KF188427_Ranunculus_sceleratus_little_leaf_phytoplasma","plant","plant_tissue","plant","plant_tissue"
"FJ862998_Napier_grass_stunt_phytoplasma","vertebrate","plant_tissue","no tag","plant_tissue"
"FJ862997_Napier_grass_stunt_phytoplasma","vertebrate","plant_tissue","no tag","plant_tissue"
"LT594116_Triticum_aestivum_yellow_stunting_phytoplasma","plant","plant_tissue","plant","plant_tissue"
"LT558779_Candidatus_Phytoplasma_cynodontis","plant","plant_tissue","plant","plant_tissue"
"LT558773_Candidatus_Phytoplasma_cynodontis","plant","plant_tissue","plant","plant_tissue"
"LT558771_Candidatus_Phytoplasma_cynodontis","plant","plant_tissue","plant","plant_tissue"
"LT558780_Candidatus_Phytoplasma_cynodontis","plant","plant_tissue","plant","plant_tissue"
"LT558772_Candidatus_Phytoplasma_cynodontis","plant","plant_tissue","plant","plant_tissue"
"FM208257_Sugarcane_white_leaf_phytoplasma","plant","plant_tissue","plant","plant_tissue"
"FM208256_Sugarcane_white_leaf_phytoplasma","plant","plant_tissue","plant","plant_tissue"
"FM208255_Sugarcane_white_leaf_phytoplasma","plant","plant_tissue","plant","plant_tissue"
"HF586651_Sugarcane_grassy_shoot_phytoplasma","plant","plant_tissue","plant","plant_tissue"
"HF586647_Sugarcane_grassy_shoot_phytoplasma","plant","plant_tissue","plant","plant_tissue"
"HF586638_Sugarcane_grassy_shoot_phytoplasma","plant","plant_tissue","plant","plant_tissue"
"LT558778_Candidatus_Phytoplasma_cynodontis","plant","plant_tissue","plant","plant_tissue"
"HF586639_Sugarcane_grassy_shoot_phytoplasma","plant","plant_tissue","plant","plant_tissue"
"LT558781_Candidatus_Phytoplasma_cynodontis","plant","plant_tissue","plant","plant_tissue"
"LT558770_Candidatus_Phytoplasma_cynodontis","plant","plant_tissue","plant","plant_tissue"
"HF586649_Sugarcane_grassy_shoot_phytoplasma","plant","plant_tissue","plant","plant_tissue"
"HF586637_Sugarcane_grassy_shoot_phytoplasma","plant","plant_tissue","plant","plant_tissue"
"LT558782_Candidatus_Phytoplasma_cynodontis","plant","plant_tissue","plant","plant_tissue"
"LT558774_Candidatus_Phytoplasma_cynodontis","plant","plant_tissue","plant","plant_tissue"
"LT558775_Candidatus_Phytoplasma_cynodontis","plant","plant_tissue","plant","plant_tissue"
"LT622841_Marigold_phyllody_phytoplasma","vertebrate","plant_tissue","no tag","plant_tissue"
"HF586650_Sugarcane_grassy_shoot_phytoplasma","plant","plant_tissue","plant","plant_tissue"
"KJ200628_Sugarcane_white_leaf_phytoplasma","plant","plant_tissue","plant","plant_tissue"
"KJ200626_Sugarcane_white_leaf_phytoplasma","plant","plant_tissue","plant","plant_tissue"
"HF586653_Sugarcane_grassy_shoot_phytoplasma","plant","plant_tissue","plant","plant_tissue"
"AM261832_Sugarcane_grassy_shoot_phytoplasma","plant","plant_tissue","plant","plant_tissue"
"AM261831_Sugarcane_grassy_shoot_phytoplasma","plant","plant_tissue","plant","plant_tissue"
"AM920759_Sugarcane_grassy_shoot_phytoplasma","plant","plant_tissue","plant","plant_tissue"
"AM920758_Sugarcane_grassy_shoot_phytoplasma","plant","plant_tissue","plant","plant_tissue"
"AM920757_Sugarcane_grassy_shoot_phytoplasma","plant","plant_tissue","plant","plant_tissue"
"AM920756_Sugarcane_grassy_shoot_phytoplasma","plant","plant_tissue","plant","plant_tissue"
"AM920755_Sugarcane_grassy_shoot_phytoplasma","plant","plant_tissue","plant","plant_tissue"
"AM920754_Sugarcane_grassy_shoot_phytoplasma","plant","plant_tissue","plant","plant_tissue"
"AM920753_Sugarcane_grassy_shoot_phytoplasma","plant","plant_tissue","plant","plant_tissue"
"AM920752_Sugarcane_grassy_shoot_phytoplasma","plant","plant_tissue","plant","plant_tissue"
"AM920751_Sugarcane_grassy_shoot_phytoplasma","plant","plant_tissue","plant","plant_tissue"
"AM920750_Sugarcane_grassy_shoot_phytoplasma","plant","plant_tissue","plant","plant_tissue"
"AM920749_Sugarcane_grassy_shoot_phytoplasma","plant","plant_tissue","plant","plant_tissue"
"AM920748_Sugarcane_grassy_shoot_phytoplasma","plant","plant_tissue","plant","plant_tissue"
"AM920747_Sugarcane_grassy_shoot_phytoplasma","plant","plant_tissue","plant","plant_tissue"
"AM749439_Sugarcane_grassy_shoot_phytoplasma","plant","plant_tissue","plant","plant_tissue"
"AM749438_Sugarcane_grassy_shoot_phytoplasma","plant","plant_tissue","plant","plant_tissue"
"AM749437_Sugarcane_grassy_shoot_phytoplasma","plant","plant_tissue","plant","plant_tissue"
"AM749436_Sugarcane_grassy_shoot_phytoplasma","plant","plant_tissue","plant","plant_tissue"
"AM749435_Sugarcane_grassy_shoot_phytoplasma","plant","plant_tissue","plant","plant_tissue"
"AM749434_Sugarcane_grassy_shoot_phytoplasma","plant","plant_tissue","plant","plant_tissue"
"AM749429_Sugarcane_grassy_shoot_phytoplasma","plant","plant_tissue","plant","plant_tissue"
"AM749428_Sugarcane_grassy_shoot_phytoplasma","plant","plant_tissue","plant","plant_tissue"
"AM749427_Sugarcane_grassy_shoot_phytoplasma","plant","plant_tissue","plant","plant_tissue"
"AM749426_Sugarcane_grassy_shoot_phytoplasma","plant","plant_tissue","plant","plant_tissue"
"AM749425_Sugarcane_grassy_shoot_phytoplasma","plant","plant_tissue","plant","plant_tissue"
"AM749424_Sugarcane_grassy_shoot_phytoplasma","plant","plant_tissue","plant","plant_tissue"
"AM749423_Sugarcane_grassy_shoot_phytoplasma","plant","plant_tissue","plant","plant_tissue"
"AM749422_Sugarcane_grassy_shoot_phytoplasma","plant","plant_tissue","plant","plant_tissue"
"AM749421_Sugarcane_grassy_shoot_phytoplasma","plant","plant_tissue","plant","plant_tissue"
"AM749415_Sugarcane_grassy_shoot_phytoplasma","plant","plant_tissue","plant","plant_tissue"
"AM749414_Sugarcane_grassy_shoot_phytoplasma","plant","plant_tissue","plant","plant_tissue"
"AM749413_Sugarcane_grassy_shoot_phytoplasma","plant","plant_tissue","plant","plant_tissue"
"AM749412_Sugarcane_grassy_shoot_phytoplasma","plant","plant_tissue","plant","plant_tissue"
"AM749411_Sugarcane_grassy_shoot_phytoplasma","plant","plant_tissue","plant","plant_tissue"
"AM403156_Sugarcane_grassy_shoot_phytoplasma","plant","plant_tissue","plant","plant_tissue"
"AM269751_Sugarcane_grassy_shoot_phytoplasma","plant","plant_tissue","plant","plant_tissue"
"AM269750_Sugarcane_grassy_shoot_phytoplasma","plant","plant_tissue","plant","plant_tissue"
"AM269749_Sugarcane_grassy_shoot_phytoplasma","plant","plant_tissue","plant","plant_tissue"
"AM269748_Sugarcane_grassy_shoot_phytoplasma","plant","plant_tissue","plant","plant_tissue"
"AM269747_Sugarcane_grassy_shoot_phytoplasma","plant","plant_tissue","plant","plant_tissue"
"AM269746_Sugarcane_grassy_shoot_phytoplasma","plant","plant_tissue","plant","plant_tissue"
"AM269745_Sugarcane_grassy_shoot_phytoplasma","plant","plant_tissue","plant","plant_tissue"
"AM269744_Sugarcane_grassy_shoot_phytoplasma","plant","plant_tissue","plant","plant_tissue"
"AM269743_Sugarcane_grassy_shoot_phytoplasma","plant","plant_tissue","plant","plant_tissue"
"AM261829_Sugarcane_grassy_shoot_phytoplasma","plant","plant_tissue","plant","plant_tissue"
"AM261830_Sugarcane_grassy_shoot_phytoplasma","plant","plant_tissue","plant","plant_tissue"
"KJ200627_Sugarcane_white_leaf_phytoplasma","plant","plant_tissue","plant","plant_tissue"
"KC178679_Brinjal_little_leaf_phytoplasma","plant","plant_tissue","plant","plant_tissue"
"KY815100_Candidatus_Phytoplasma_trifolii","plant","plant_tissue","plant","plant_tissue"
"KY815099_Candidatus_Phytoplasma_trifolii","plant","plant_tissue","plant","plant_tissue"
"KC468279_Datura_stramonium_witches_broom_phytoplasma","plant","plant_tissue","plant","plant_tissue"
"LT558786_Candidatus_Phytoplasma_balanitae","plant","plant_tissue","plant","plant_tissue"
"LT558790_Candidatus_Phytoplasma_balanitae","plant","plant_tissue","plant","plant_tissue"
"HG937644_Candidatus_Phytoplasma_balanitae","plant","plant_tissue","plant","plant_tissue"
"LT558785_Candidatus_Phytoplasma_balanitae","plant","plant_tissue","plant","plant_tissue"
"AB293422_Wax_leaf_privet_witches_broom_phytoplasma","plant","plant_tissue","plant","plant_tissue"
"FJ805240_Candidatus_Phytoplasma_vitis","vertebrate","plant_tissue","no tag","plant_tissue"
"FJ805241_Candidatus_Phytoplasma_vitis","vertebrate","plant_tissue","no tag","plant_tissue"
"AB293421_Sasa_witches_broom_phytoplasma","plant","plant_tissue","plant","plant_tissue"
"M30790_Oenothera_phytoplasma_86_7","plant","plant_tissue","plant","plant_tissue"
"AB292849_Onion_yellow_dwarf_phytoplasma","plant","plant_tissue","plant","plant_tissue"
"FN257483_Toona_witches_broom_phytoplasma","plant","plant_tissue","plant","plant_tissue"
"LK031769_Pyrus_communis_phytoplasma","plant","plant_tissue","plant","plant_tissue"
"HG425177_Pyrus_communis_phytoplasma","plant","plant_tissue","plant","plant_tissue"
"LK031771_Mangifera_indica_phytoplasma","plant","plant_tissue","plant","plant_tissue"
"LN887950_Mangifera_indica_phytoplasma","plant","plant_tissue","plant","plant_tissue"
"HG425179_Mangifera_indica_phytoplasma","plant","plant_tissue","plant","plant_tissue"
"LK031770_Gerbera_sp_phytoplasma","plant","plant_tissue","plant","plant_tissue"
"HG425180_Stevia_rebaudiana_phytoplasma","vertebrate","plant_tissue","no tag","plant_tissue"
"HG425178_Grasshopper_phytoplasma","vertebrate","plant_tissue","no tag","plant_tissue"
"HG425176_Gerbera_sp_phytoplasma","plant","plant_tissue","plant","plant_tissue"
"LT594118_Lagenaria_siceraria_yellow_little_leaf_phytoplasma","plant","plant_tissue","plant","plant_tissue"
"LT594117_Lagenaria_siceraria_yellow_little_leaf_phytoplasma","plant","plant_tissue","plant","plant_tissue"
"LT558788_Stevia_rebaudiana_phytoplasma","vertebrate","plant_tissue","no tag","plant_tissue"
"FN257484_Himachal_periwinkle_phytoplasma","plant","plant_tissue","plant","plant_tissue"
"FN257485_Chandigarh_periwinkle_phytoplasma","plant","plant_tissue","plant","plant_tissue"
"LN907231_Candidatus_Phytoplasma_solani","plant","plant_tissue","plant","plant_tissue"
"LN907230_Candidatus_Phytoplasma_solani","vertebrate","plant_tissue","invertebrate","associated_insect"
"LN907226_Candidatus_Phytoplasma_solani","plant","plant_tissue","plant","plant_tissue"
"LN907228_Candidatus_Phytoplasma_solani","vertebrate","plant_tissue","invertebrate","associated_insect"
"LN907225_Candidatus_Phytoplasma_solani","plant","plant_tissue","plant","plant_tissue"
"LN907229_Candidatus_Phytoplasma_solani","vertebrate","plant_tissue","invertebrate","associated_insect"
"LN907227_Candidatus_Phytoplasma_solani","vertebrate","plant_tissue","invertebrate","associated_insect"
"HG423138_Candidatus_Phytoplasma_mali","plant","phloem ","plant","plant_tissue"
"HG423141_Candidatus_Phytoplasma_mali","plant","phloem ","plant","plant_tissue"
"HG423139_Candidatus_Phytoplasma_mali","plant","phloem ","plant","plant_tissue"
"HG423136_Candidatus_Phytoplasma_mali","plant","phloem ","plant","plant_tissue"
"HG423140_Candidatus_Phytoplasma_mali","plant","phloem ","plant","plant_tissue"
"HG423137_Candidatus_Phytoplasma_mali","plant","phloem ","plant","plant_tissue"
"HG423135_Candidatus_Phytoplasma_mali","plant","phloem ","plant","plant_tissue"
"AJ542541_Candidatus_Phytoplasma_mali","plant","plant_tissue","plant","plant_tissue"
"AJ542542_Candidatus_Phytoplasma_mali","plant","plant_tissue","plant","plant_tissue"
"AM404166_Candidatus_Phytoplasma_mali","plant","plant_tissue","plant","plant_tissue"
"AM404168_Candidatus_Phytoplasma_mali","plant","plant_tissue","plant","plant_tissue"
"AM404167_Candidatus_Phytoplasma_mali","plant","plant_tissue","plant","plant_tissue"
"AM404165_Candidatus_Phytoplasma_mali","plant","plant_tissue","plant","plant_tissue"
"AJ542545_Candidatus_Phytoplasma_prunorum","plant","plant_tissue","plant","plant_tissue"
"AJ542544_Candidatus_Phytoplasma_prunorum","plant","plant_tissue","plant","plant_tissue"
"AM404164_Candidatus_Phytoplasma_prunorum","plant","plant_tissue","plant","plant_tissue"
"AM746984_Candidatus_Phytoplasma_prunorum","plant","plant_tissue","plant","plant_tissue"
"AM404163_Candidatus_Phytoplasma_prunorum","plant","plant_tissue","plant","plant_tissue"
"AM746983_Candidatus_Phytoplasma_prunorum","plant","plant_tissue","plant","plant_tissue"
"AJ542543_Candidatus_Phytoplasma_pyri","plant","plant_tissue","plant","plant_tissue"
"AM404174_Candidatus_Phytoplasma_pyri","plant","plant_tissue","plant","plant_tissue"
"AM404170_Candidatus_Phytoplasma_pyri","plant","plant_tissue","plant","plant_tissue"
"AM404175_Candidatus_Phytoplasma_pyri","plant","plant_tissue","plant","plant_tissue"
"AM404176_Candidatus_Phytoplasma_pyri","plant","plant_tissue","plant","plant_tissue"
"AM404172_Candidatus_Phytoplasma_pyri","plant","plant_tissue","plant","plant_tissue"
"AM404171_Candidatus_Phytoplasma_pyri","plant","plant_tissue","plant","plant_tissue"
"AM404169_Candidatus_Phytoplasma_pyri","plant","plant_tissue","plant","plant_tissue"
"AM404173_Candidatus_Phytoplasma_pyri","plant","plant_tissue","plant","plant_tissue"
"NR_025738_Acholeplasma_pleciae","vertebrate","associated_insect","invertebrate","associated_insect"
"AM073014_Acholeplasma_laidlawii","vertebrate","respratory_tract","vertebrate","respratory_tract"
"AB255922_uncultured_Mollicutes_bacterium","plant","digestive_tract","invertebrate","digestive_tract"
"AB702914_uncultured_Anaeroplasmatales_bacterium","plant","feces","vertebrate","feces"
"KP713734_uncultured_Anaeroplasma_sp","plant","feces","vertebrate","feces"
"KP713733_uncultured_Anaeroplasma_sp","plant","feces","vertebrate","feces"
"KP713753_uncultured_Anaeroplasma_sp","plant","feces","vertebrate","feces"
"AM420117_uncultured_Mollicutes_bacterium","plant","mouth","vertebrate","mouth"
"AB752303_Mycoplasma_sp_N008","vertebrate","blood","vertebrate","blood"
"AB758439_Candidatus_Mycoplasma_haemomuris_subsp_ratti","vertebrate","blood","vertebrate","blood"
"AB758434_Candidatus_Mycoplasma_haemomuris_subsp_ratti","vertebrate","blood","vertebrate","blood"
"AB758438_Candidatus_Mycoplasma_haemomuris_subsp_musculi","vertebrate","blood","vertebrate","blood"
"AB758437_Candidatus_Mycoplasma_haemomuris_subsp_musculi","vertebrate","blood","vertebrate","blood"
"AB758436_Candidatus_Mycoplasma_haemomuris_subsp_musculi","vertebrate","blood","vertebrate","blood"
"AB758440_Candidatus_Mycoplasma_haemomuris_subsp_musculi","vertebrate","blood","vertebrate","blood"
"HQ183732_uncultured_Mycoplasma_sp","plant","blood","vertebrate","blood"
"HQ183731_uncultured_Mycoplasma_sp","plant","blood","vertebrate","blood"
"AB725596_Mycoplasma_sp_Bear","vertebrate","auditory_tract","vertebrate","blood"
"FJ667774_uncultured_Mycoplasma_sp","plant","blood","vertebrate","blood"
"FJ667773_uncultured_Mycoplasma_sp","plant","blood","vertebrate","blood"
"HE577612_uncultured_Mycoplasma_sp","plant","blood","vertebrate","blood"
"AB617736_Candidatus_Mycoplasma_haemovis","vertebrate","no tag","vertebrate","no tag"
"AB617738_Candidatus_Mycoplasma_haemovis","vertebrate","no tag","vertebrate","no tag"
"AB617737_Candidatus_Mycoplasma_haemovis","vertebrate","no tag","vertebrate","no tag"
"AB617734_Candidatus_Mycoplasma_haemovis","vertebrate","no tag","vertebrate","no tag"
"AB617735_Candidatus_Mycoplasma_haemovis","vertebrate","no tag","vertebrate","no tag"
"AB617733_Candidatus_Mycoplasma_haemovis","vertebrate","no tag","vertebrate","no tag"
"FN436010_Mycoplasma_suis","vertebrate","blood","vertebrate","blood"
"FN436009_Mycoplasma_suis","vertebrate","blood","vertebrate","blood"
"FN436017_Mycoplasma_suis","vertebrate","blood","vertebrate","blood"
"AB089057_uncultured_Mycoplasma_sp","plant","digestive_tract","invertebrate","digestive_tract"
"AB192228_uncultured_Mycoplasma_sp","plant","digestive_tract","invertebrate","digestive_tract"
"AB192181_uncultured_Mycoplasma_sp","plant","digestive_tract","invertebrate","digestive_tract"
"AB089053_uncultured_Mycoplasma_sp","plant","digestive_tract","invertebrate","digestive_tract"
"AB299549_uncultured_Mycoplasma_sp","plant","digestive_tract","invertebrate","digestive_tract"
"HG764212_uncultured_Mycoplasma_sp","plant","mouth","vertebrate","mouth"
"HG764211_uncultured_Mycoplasma_sp","plant","mouth","vertebrate","mouth"
"HG764209_uncultured_Mycoplasma_sp","plant","mouth","vertebrate","mouth"
"HG764210_uncultured_Mycoplasma_sp","plant","mouth","vertebrate","mouth"
"AB089056_uncultured_Mycoplasma_sp","plant","digestive_tract","invertebrate","digestive_tract"
"AB089055_uncultured_Mycoplasma_sp","plant","digestive_tract","invertebrate","digestive_tract"
"AB192229_uncultured_Mycoplasma_sp","plant","digestive_tract","invertebrate","digestive_tract"
"AB089054_uncultured_Mycoplasma_sp","plant","digestive_tract","invertebrate","digestive_tract"
"AB192182_uncultured_Mycoplasma_sp","plant","digestive_tract","invertebrate","digestive_tract"
"AB299547_uncultured_Mycoplasma_sp","plant","digestive_tract","invertebrate","digestive_tract"
"AB089058_uncultured_Mycoplasma_sp","plant","digestive_tract","invertebrate","digestive_tract"
"AB089060_uncultured_Mycoplasma_sp","plant","digestive_tract","invertebrate","digestive_tract"
"AB299548_uncultured_Mycoplasma_sp","plant","digestive_tract","invertebrate","digestive_tract"
"AM073012_Mycoplasma_iowae","vertebrate","respratory_tract","vertebrate","respratory_tract"
"HM031446_uncultured_Mycoplasma_sp","plant","digestive_tract","no tag","no tag"
"GU227397_Ureaplasma_diversum","vertebrate","genital_tract","vertebrate","genital_tract"
"GU227398_Ureaplasma_diversum","vertebrate","genital_tract","vertebrate","genital_tract"
"MG846120_Mycoplasma_gallisepticum","vertebrate","respratory_tract","vertebrate","respratory_tract"
"AM075207_Mycoplasma_gallisepticum","vertebrate","respratory_tract","no tag","respratory_tract"
